timestamp,sensor_id,vehicle_speed (km/h),latitude,longitude,traffic_pattern,incident_report,accident_hotspot,event_type
2024-12-06 08:00:00,Vehicle_1,114,34.54926150831106,-79.30136853880121,Clear,None,0,Accident
2024-12-06 08:15:00,Vehicle_2,63,36.8189725647745,-97.57893133276576,Heavy,Breakdown,1,Normal
2024-12-06 08:30:00,Vehicle_3,67,39.89604505169282,-111.73397542150222,Moderate,Police Blockade,0,Accident
2024-12-06 08:45:00,Vehicle_4,24,34.22040303269379,-99.54087923662124,Moderate,Police Blockade,0,Congestion
2024-12-06 09:00:00,Vehicle_5,62,38.48441454374566,-109.6230577482927,Heavy,Accident,0,Congestion
2024-12-06 09:15:00,Vehicle_6,33,38.677279519159455,-87.59237957097622,Heavy,Police Blockade,0,Accident
2024-12-06 09:30:00,Vehicle_7,79,37.98355446411157,-97.84793593532115,Clear,Traffic Jam,0,Normal
2024-12-06 09:45:00,Vehicle_8,44,37.95666123733266,-106.16079872767178,Clear,Traffic Jam,0,Accident
2024-12-06 10:00:00,Vehicle_9,34,38.23071478990284,-73.82381311916097,Heavy,Accident,0,Normal
2024-12-06 10:15:00,Vehicle_10,39,36.13303754783956,-106.65777975084893,Light,Accident,0,Congestion
2024-12-06 10:30:00,Vehicle_1,56,39.0477388333774,-95.53222571924911,Light,Breakdown,1,Congestion
2024-12-06 10:45:00,Vehicle_2,66,36.26349187270031,-77.03314129864162,Light,Accident,0,Normal
2024-12-06 11:00:00,Vehicle_3,88,37.918111059010904,-74.2288396752307,Moderate,Police Blockade,0,Accident
2024-12-06 11:15:00,Vehicle_4,100,38.55062888574194,-118.37285438026655,Moderate,Accident,0,Congestion
2024-12-06 11:30:00,Vehicle_5,91,36.213526725528226,-101.67355545952172,Moderate,None,1,Congestion
2024-12-06 11:45:00,Vehicle_6,113,34.22037485424911,-110.92734252563203,Moderate,Accident,1,Accident
2024-12-06 12:00:00,Vehicle_7,115,34.92046838108383,-112.48874535053679,Clear,Police Blockade,0,Congestion
2024-12-06 12:15:00,Vehicle_8,96,36.867912662269234,-98.45542748977773,Moderate,Accident,0,Congestion
2024-12-06 12:30:00,Vehicle_9,63,38.20556312915181,-114.0515257258343,Moderate,Police Blockade,1,Congestion
2024-12-06 12:45:00,Vehicle_10,43,36.03445449438456,-83.13106995735178,Light,Traffic Jam,0,Accident
2024-12-06 13:00:00,Vehicle_1,25,35.9857374193907,-108.3462228448104,Moderate,Police Blockade,0,Accident
2024-12-06 13:15:00,Vehicle_2,38,39.10920356232421,-79.91782381292626,Light,None,0,Congestion
2024-12-06 13:30:00,Vehicle_3,45,36.04452343517641,-94.55747827833284,Moderate,Accident,0,Congestion
2024-12-06 13:45:00,Vehicle_4,103,37.44630600905868,-95.60845402669736,Heavy,Police Blockade,0,Congestion
2024-12-06 14:00:00,Vehicle_5,79,39.180912489532474,-91.42794442727731,Light,Accident,0,Normal
2024-12-06 14:15:00,Vehicle_6,60,39.39085482236847,-77.37719618182187,Clear,Traffic Jam,1,Accident
2024-12-06 14:30:00,Vehicle_7,50,38.52176142069445,-105.36550058651996,Clear,Accident,0,Normal
2024-12-06 14:45:00,Vehicle_8,24,39.5665924532276,-93.17240022552485,Clear,Police Blockade,0,Normal
2024-12-06 15:00:00,Vehicle_9,110,35.69777062911989,-76.54827774338833,Heavy,Accident,0,Congestion
2024-12-06 15:15:00,Vehicle_10,60,35.71216423999154,-79.46245729814135,Moderate,Traffic Jam,1,Accident
2024-12-06 15:30:00,Vehicle_1,64,36.82673946815028,-104.44921741855654,Clear,None,1,Congestion
2024-12-06 15:45:00,Vehicle_2,113,36.29562631669231,-82.1326623538796,Heavy,Breakdown,0,Normal
2024-12-06 16:00:00,Vehicle_3,37,39.48914525098691,-98.14041558889059,Moderate,None,0,Normal
2024-12-06 16:15:00,Vehicle_4,44,38.8988659510139,-78.06092230081191,Moderate,Accident,1,Normal
2024-12-06 16:30:00,Vehicle_5,59,34.852504826472114,-103.96538290741704,Heavy,Breakdown,0,Congestion
2024-12-06 16:45:00,Vehicle_6,91,37.39884902944284,-106.30675072256199,Moderate,None,0,Normal
2024-12-06 17:00:00,Vehicle_7,113,36.800411014821876,-78.19128484143945,Clear,Police Blockade,0,Congestion
2024-12-06 17:15:00,Vehicle_8,46,38.05557112735091,-106.15732574034803,Moderate,Police Blockade,0,Congestion
2024-12-06 17:30:00,Vehicle_9,55,35.13693572686947,-103.97387670428677,Heavy,Accident,0,Accident
2024-12-06 17:45:00,Vehicle_10,59,37.89357428584537,-85.31412481393829,Light,Police Blockade,1,Congestion
2024-12-06 18:00:00,Vehicle_1,80,38.513346363560544,-109.61422041382191,Heavy,Police Blockade,1,Accident
2024-12-06 18:15:00,Vehicle_2,44,38.41359759108052,-109.24660416276615,Moderate,Traffic Jam,0,Congestion
2024-12-06 18:30:00,Vehicle_3,20,34.76442384840204,-96.07551246603839,Heavy,None,0,Normal
2024-12-06 18:45:00,Vehicle_4,49,35.373611366543386,-85.63830644676278,Clear,Accident,0,Accident
2024-12-06 19:00:00,Vehicle_5,84,39.10798112995606,-116.76552124798349,Heavy,Traffic Jam,0,Accident
2024-12-06 19:15:00,Vehicle_6,38,35.203881437821465,-79.1820802708308,Light,Breakdown,0,Normal
2024-12-06 19:30:00,Vehicle_7,76,38.25760363697239,-88.83969088463496,Heavy,Traffic Jam,0,Accident
2024-12-06 19:45:00,Vehicle_8,103,36.845789447575996,-114.81265908823863,Moderate,Traffic Jam,0,Accident
2024-12-06 20:00:00,Vehicle_9,29,39.73053533607072,-104.6532487869602,Clear,Accident,0,Accident
2024-12-06 20:15:00,Vehicle_10,36,34.609900347836216,-81.96758173903933,Clear,Breakdown,0,Accident
2024-12-06 20:30:00,Vehicle_1,20,35.37789595277428,-84.09740194419263,Clear,Police Blockade,0,Congestion
2024-12-06 20:45:00,Vehicle_2,104,37.33243673426534,-80.70359848459101,Moderate,None,0,Congestion
2024-12-06 21:00:00,Vehicle_3,90,38.68683333657865,-101.14687000258047,Moderate,None,0,Congestion
2024-12-06 21:15:00,Vehicle_4,26,35.21509682261806,-113.1109438757519,Light,Accident,0,Accident
2024-12-06 21:30:00,Vehicle_5,109,38.22736737720021,-100.1723012159385,Light,Traffic Jam,0,Accident
2024-12-06 21:45:00,Vehicle_6,20,35.200552436313835,-100.67412671666985,Moderate,Breakdown,0,Accident
2024-12-06 22:00:00,Vehicle_7,42,38.98907097146104,-74.67273555332329,Light,None,0,Accident
2024-12-06 22:15:00,Vehicle_8,91,35.2951735319,-103.4518840311733,Moderate,Police Blockade,0,Accident
2024-12-06 22:30:00,Vehicle_9,114,39.384139595355464,-73.90859799069844,Moderate,Traffic Jam,0,Normal
2024-12-06 22:45:00,Vehicle_10,40,35.588164095395555,-86.98582112246805,Light,Breakdown,0,Normal
2024-12-06 23:00:00,Vehicle_1,42,38.61371035206362,-74.23496342871118,Light,Police Blockade,0,Congestion
2024-12-06 23:15:00,Vehicle_2,74,36.154709880411,-101.63304745931273,Moderate,None,0,Congestion
2024-12-06 23:30:00,Vehicle_3,44,34.636056717195856,-115.81500686113172,Moderate,Accident,0,Normal
2024-12-06 23:45:00,Vehicle_4,118,34.108074106380954,-102.14175589659379,Heavy,None,0,Normal
2024-12-07 00:00:00,Vehicle_5,28,37.950283800303474,-81.40953391202126,Clear,None,0,Normal
2024-12-07 00:15:00,Vehicle_6,27,35.72235441700252,-107.74415788478899,Clear,Breakdown,0,Congestion
2024-12-07 00:30:00,Vehicle_7,34,38.44745171102235,-79.34678801967192,Light,None,0,Congestion
2024-12-07 00:45:00,Vehicle_8,61,37.46116839762155,-107.45219218233811,Moderate,Breakdown,1,Normal
2024-12-07 01:00:00,Vehicle_9,61,37.56442081085747,-104.38784859060307,Moderate,Police Blockade,0,Accident
2024-12-07 01:15:00,Vehicle_10,57,37.83220811249233,-100.96717015051055,Heavy,Breakdown,0,Normal
2024-12-07 01:30:00,Vehicle_1,115,35.96503928596602,-109.0614041927637,Light,Police Blockade,0,Congestion
2024-12-07 01:45:00,Vehicle_2,34,38.26951913813998,-113.43587496632499,Moderate,Breakdown,0,Accident
2024-12-07 02:00:00,Vehicle_3,101,36.401384870676075,-81.99989608590747,Heavy,Accident,0,Congestion
2024-12-07 02:15:00,Vehicle_4,28,38.577523390186485,-100.47322384341486,Clear,None,1,Normal
2024-12-07 02:30:00,Vehicle_5,112,38.51956921756084,-82.40914616152618,Heavy,Accident,0,Congestion
2024-12-07 02:45:00,Vehicle_6,98,35.906113690652845,-117.74948595808675,Clear,Accident,0,Accident
2024-12-07 03:00:00,Vehicle_7,44,36.57536502019,-90.48774722604372,Moderate,None,0,Normal
2024-12-07 03:15:00,Vehicle_8,71,34.40645450707933,-99.8554578275425,Moderate,Police Blockade,0,Normal
2024-12-07 03:30:00,Vehicle_9,52,39.82902537515585,-109.59675530424872,Clear,Breakdown,0,Accident
2024-12-07 03:45:00,Vehicle_10,25,35.429373757359215,-90.36902690857573,Moderate,Police Blockade,0,Congestion
2024-12-07 04:00:00,Vehicle_1,22,38.75251754021361,-114.71508142020399,Heavy,Breakdown,0,Accident
2024-12-07 04:15:00,Vehicle_2,61,37.25712388830372,-89.2205274489441,Heavy,None,1,Congestion
2024-12-07 04:30:00,Vehicle_3,101,39.69307273088001,-110.33856468344104,Heavy,None,0,Congestion
2024-12-07 04:45:00,Vehicle_4,39,35.91142379479982,-102.83354122992525,Moderate,Breakdown,0,Congestion
2024-12-07 05:00:00,Vehicle_5,117,37.96669868304719,-101.90169623599981,Heavy,Police Blockade,0,Accident
2024-12-07 05:15:00,Vehicle_6,93,34.50679253273747,-96.71328067499081,Heavy,Accident,0,Congestion
2024-12-07 05:30:00,Vehicle_7,118,34.14143758060171,-113.47944996679858,Heavy,Accident,0,Congestion
2024-12-07 05:45:00,Vehicle_8,77,38.72439130590289,-108.39876764940722,Heavy,Accident,0,Accident
2024-12-07 06:00:00,Vehicle_9,44,37.819632836043546,-85.19709110982903,Heavy,Breakdown,0,Congestion
2024-12-07 06:15:00,Vehicle_10,103,35.18216285417049,-82.16237481948968,Heavy,Accident,0,Congestion
2024-12-07 06:30:00,Vehicle_1,114,34.06652344749978,-95.7009424488099,Light,Traffic Jam,0,Congestion
2024-12-07 06:45:00,Vehicle_2,82,35.23111273836691,-89.32360108420133,Heavy,Breakdown,1,Congestion
2024-12-07 07:00:00,Vehicle_3,83,35.996980870607715,-90.80268789054632,Light,Police Blockade,1,Accident
2024-12-07 07:15:00,Vehicle_4,35,39.49124127092884,-75.18228041171773,Clear,Police Blockade,0,Congestion
2024-12-07 07:30:00,Vehicle_5,32,36.11024303752246,-84.53424738371552,Light,None,0,Accident
2024-12-07 07:45:00,Vehicle_6,68,38.35494148916602,-118.36543438573825,Heavy,Accident,0,Congestion
2024-12-07 08:00:00,Vehicle_7,23,37.820483779358014,-105.38270816743517,Clear,Accident,0,Congestion
2024-12-07 08:15:00,Vehicle_8,61,35.69387207631117,-96.2162518749022,Moderate,Accident,0,Congestion
2024-12-07 08:30:00,Vehicle_9,20,38.70460331225186,-109.41377666876349,Clear,None,0,Accident
2024-12-07 08:45:00,Vehicle_10,75,37.99448885417838,-100.71646249004334,Heavy,Accident,0,Accident
